{
  "baseline": {
    "-1": {
      "n_trades": 251,
      "win_rate": 0.4900398406374502,
      "total_return": -0.600320666666665,
      "sharpe_ratio": 0.17478813924594916,
      "max_drawdown": -1.3166164608530746,
      "probability_tiers": {
        "(0.0, 0.6]": {
          "n_trades": 27,
          "win_rate": 0.37037037037037035,
          "avg_pnl": -2022.4814814814822,
          "avg_return": -0.06698906109101986
        },
        "(0.6, 0.7]": {
          "n_trades": 36,
          "win_rate": 0.4722222222222222,
          "avg_pnl": -814.8712962962957,
          "avg_return": -0.026514627208045507
        },
        "(0.7, 0.8]": {
          "n_trades": 49,
          "win_rate": 0.5306122448979592,
          "avg_pnl": 477.0408163265301,
          "avg_return": 0.018273132341836345
        },
        "(0.8, 0.9]": {
          "n_trades": 79,
          "win_rate": 0.45569620253164556,
          "avg_pnl": -496.8506329113918,
          "avg_return": -0.016637924000109824
        },
        "(0.9, 1.0]": {
          "n_trades": 60,
          "win_rate": 0.5666666666666667,
          "avg_pnl": 663.1083333333337,
          "avg_return": 0.023613046368854387
        }
      }
    },
    "0": {
      "n_trades": 998,
      "win_rate": 0.4308617234468938,
      "total_return": -3.443937666666661,
      "sharpe_ratio": 0.06748335195202443,
      "max_drawdown": -4.467771999999991,
      "probability_tiers": {
        "(0.0, 0.6]": {
          "n_trades": 208,
          "win_rate": 0.47596153846153844,
          "avg_pnl": 6.589102564102666,
          "avg_return": 0.0003745539608830224
        },
        "(0.6, 0.7]": {
          "n_trades": 232,
          "win_rate": 0.44396551724137934,
          "avg_pnl": 48.16436781609213,
          "avg_return": 0.001193403813255197
        },
        "(0.7, 0.8]": {
          "n_trades": 220,
          "win_rate": 0.43636363636363634,
          "avg_pnl": -329.3800000000002,
          "avg_return": -0.011487603804482091
        },
        "(0.8, 0.9]": {
          "n_trades": 217,
          "win_rate": 0.3824884792626728,
          "avg_pnl": -665.9649769585255,
          "avg_return": -0.022981424337174573
        },
        "(0.9, 1.0]": {
          "n_trades": 121,
          "win_rate": 0.4049586776859504,
          "avg_pnl": -1164.7385674931127,
          "avg_return": -0.04058653565281166
        }
      }
    },
    "1": {
      "n_trades": 99,
      "win_rate": 0.5757575757575758,
      "total_return": 2.1497383333333335,
      "sharpe_ratio": 0.9487392718227495,
      "max_drawdown": -0.30091805435884056,
      "probability_tiers": {
        "(0.0, 0.6]": {
          "n_trades": 43,
          "win_rate": 0.6046511627906976,
          "avg_pnl": 3403.1705426356593,
          "avg_return": 0.11665083235530628
        },
        "(0.6, 0.7]": {
          "n_trades": 24,
          "win_rate": 0.5,
          "avg_pnl": 198.976388888889,
          "avg_return": 0.007000033649661068
        },
        "(0.7, 0.8]": {
          "n_trades": 12,
          "win_rate": 0.5833333333333334,
          "avg_pnl": 1315.2333333333336,
          "avg_return": 0.03673400177318407
        },
        "(0.8, 0.9]": {
          "n_trades": 8,
          "win_rate": 0.625,
          "avg_pnl": 3122.208333333333,
          "avg_return": 0.11291286012218307
        },
        "(0.9, 1.0]": {
          "n_trades": 12,
          "win_rate": 0.5833333333333334,
          "avg_pnl": 1629.6722222222234,
          "avg_return": 0.052650252254018086
        }
      }
    }
  },
  "xgb_0.5": {
    "-1": {
      "n_trades": 217,
      "win_rate": 0.5069124423963134,
      "total_return": -0.4917636666666657,
      "sharpe_ratio": 0.8084624291294771,
      "max_drawdown": -0.916180926071514,
      "probability_tiers": {
        "(0.0, 0.6]": {
          "n_trades": 52,
          "win_rate": 0.38461538461538464,
          "avg_pnl": -1125.440384615385,
          "avg_return": -0.038193326955736566
        },
        "(0.6, 0.7]": {
          "n_trades": 57,
          "win_rate": 0.5087719298245614,
          "avg_pnl": -938.7842105263155,
          "avg_return": -0.033687394388724035
        },
        "(0.7, 0.8]": {
          "n_trades": 53,
          "win_rate": 0.5849056603773585,
          "avg_pnl": 1192.0226415094344,
          "avg_return": 0.045652444877361066
        },
        "(0.8, 0.9]": {
          "n_trades": 47,
          "win_rate": 0.5106382978723404,
          "avg_pnl": -24.548936170211714,
          "avg_return": 0.0007044158011107092
        },
        "(0.9, 1.0]": {
          "n_trades": 8,
          "win_rate": 0.75,
          "avg_pnl": 104.22916666666765,
          "avg_return": -0.0014212698165434745
        }
      }
    },
    "0": {
      "n_trades": 807,
      "win_rate": 0.4349442379182156,
      "total_return": -3.5447026666666526,
      "sharpe_ratio": -0.008855817171613618,
      "max_drawdown": -3.8128889999999926,
      "probability_tiers": {
        "(0.0, 0.6]": {
          "n_trades": 222,
          "win_rate": 0.4954954954954955,
          "avg_pnl": -45.1201201201206,
          "avg_return": -0.001131967132808568
        },
        "(0.6, 0.7]": {
          "n_trades": 199,
          "win_rate": 0.4221105527638191,
          "avg_pnl": -89.5730318257958,
          "avg_return": -0.005467706788690205
        },
        "(0.7, 0.8]": {
          "n_trades": 165,
          "win_rate": 0.4121212121212121,
          "avg_pnl": -520.6335353535352,
          "avg_return": -0.018633509722836686
        },
        "(0.8, 0.9]": {
          "n_trades": 210,
          "win_rate": 0.4,
          "avg_pnl": -1001.1506349206347,
          "avg_return": -0.034415965276815265
        },
        "(0.9, 1.0]": {
          "n_trades": 11,
          "win_rate": 0.45454545454545453,
          "avg_pnl": -2892.606060606061,
          "avg_return": -0.09931475257701196
        }
      }
    },
    "1": {
      "n_trades": 57,
      "win_rate": 0.45614035087719296,
      "total_return": 0.16079699999999963,
      "sharpe_ratio": 0.28003557189076594,
      "max_drawdown": -0.36828266666666654,
      "probability_tiers": {
        "(0.0, 0.6]": {
          "n_trades": 30,
          "win_rate": 0.5,
          "avg_pnl": 357.8200000000007,
          "avg_return": 0.013465610075120364
        },
        "(0.6, 0.7]": {
          "n_trades": 17,
          "win_rate": 0.47058823529411764,
          "avg_pnl": 160.43725490196036,
          "avg_return": 0.0055593129018662295
        },
        "(0.7, 0.8]": {
          "n_trades": 8,
          "win_rate": 0.125,
          "avg_pnl": -1224.083333333334,
          "avg_return": -0.05223873088661778
        },
        "(0.8, 0.9]": {
          "n_trades": 2,
          "win_rate": 1.0,
          "avg_pnl": 4307.399999999999,
          "avg_return": 0.15257719832354374
        }
      }
    }
  },
  "xgb_optimal": {
    "-1": {
      "n_trades": 150,
      "win_rate": 0.5533333333333333,
      "total_return": 0.41448533333333404,
      "sharpe_ratio": 0.5901989683987614,
      "max_drawdown": -0.3456367246613705,
      "probability_tiers": {
        "(0.6, 0.7]": {
          "n_trades": 40,
          "win_rate": 0.525,
          "avg_pnl": -545.2908333333335,
          "avg_return": -0.02021318971959632
        },
        "(0.7, 0.8]": {
          "n_trades": 55,
          "win_rate": 0.5818181818181818,
          "avg_pnl": 1149.3696969696978,
          "avg_return": 0.044150989054707504
        },
        "(0.8, 0.9]": {
          "n_trades": 47,
          "win_rate": 0.5106382978723404,
          "avg_pnl": -16.787234042552303,
          "avg_return": 0.0011413392219875454
        },
        "(0.9, 1.0]": {
          "n_trades": 8,
          "win_rate": 0.75,
          "avg_pnl": 104.22916666666765,
          "avg_return": -0.0014212698165434745
        }
      }
    },
    "0": {
      "n_trades": 594,
      "win_rate": 0.40404040404040403,